Name,Phone,Rating,Rating Count,Address,Location
Myra Foils,919152279184,4.5,17,"16/22, Shakti Nagar, Delhi - 110007, Nagia Park",
Harnam Dass Manmohan Singh,919152173112,3.5,3,"Shop Number 5, Chowk Qutab Road, Sadar Bazar, Delhi - 110006, Near Sadar Bazar Railway Station",
Kansal Metal Pvt Ltd,919152162659,5.0,2,"2678, Sadar Thana Rd, Sadar Bazar, Delhi - 110006, Opp Madan LAL Halwai",
Super Trading Corporation,919152311235,4.2,36,"3581, Kucha Daya Ram, Kucha Daya Ram, Chawri Bazar, Delhi - 110006, Near Union Bank Of India",
Helping Hands,919152253532,4.2,47,"Shop Number 5438, Basti Harphool Singh, Sadar Thana Road, Sadar Bazar, Delhi - 110006, Near Sadar Bazar Police Station",
Shree Gautam Enterprises,919152923231,3.8,17,"C/O Shree Gautam Enterprises Plot 59/2/15, Sansar Compound, Sahibabad Industrial Area Site 4, Ghaziabad - 201010",
Woodland,919152764362,3.5,2,"A53 Subhadra Colony, Indralok, Delhi - 110035, Opposite Shastri Nagar Metro Pillor No. 170",
Rajat Udyog,919152837434,4.4,31,"15/5503, Basti Harphool Singh, Sadar Thana Road, Sadar Bazar, Delhi - 110006, Near Aggarwal Sweets",
Arora Metal,919152408158,4.1,33,"9034/1, Gali Number 1, Pahar Ganj, Delhi - 110055, Near Bikaner Sweets, Multani Dhanda",
Maheshwari Co,919152821649,4.1,48,"5/2, Rajnigandha, D B Gupta Road, Pahar Ganj, Delhi - 110055, Near Mc Donalds",
Myra Foils,919152279184,4.5,17,"16/22, Shakti Nagar, Delhi - 110007, Nagia Park",
Harnam Dass Manmohan Singh,919152173112,3.5,3,"Shop Number 5, Chowk Qutab Road, Sadar Bazar, Delhi - 110006, Near Sadar Bazar Railway Station",
Kansal Metal Pvt Ltd,919152162659,5.0,2,"2678, Sadar Thana Rd, Sadar Bazar, Delhi - 110006, Opp Madan LAL Halwai",
Super Trading Corporation,919152311235,4.2,36,"3581, Kucha Daya Ram, Kucha Daya Ram, Chawri Bazar, Delhi - 110006, Near Union Bank Of India",
Helping Hands,919152253532,4.2,47,"Shop Number 5438, Basti Harphool Singh, Sadar Thana Road, Sadar Bazar, Delhi - 110006, Near Sadar Bazar Police Station",
Shree Gautam Enterprises,919152923231,3.8,17,"C/O Shree Gautam Enterprises Plot 59/2/15, Sansar Compound, Sahibabad Industrial Area Site 4, Ghaziabad - 201010",
Woodland,919152764362,3.5,2,"A53 Subhadra Colony, Indralok, Delhi - 110035, Opposite Shastri Nagar Metro Pillor No. 170",
Rajat Udyog,919152837434,4.4,31,"15/5503, Basti Harphool Singh, Sadar Thana Road, Sadar Bazar, Delhi - 110006, Near Aggarwal Sweets",
Arora Metal,919152408158,4.1,33,"9034/1, Gali Number 1, Pahar Ganj, Delhi - 110055, Near Bikaner Sweets, Multani Dhanda",
Maheshwari Co,919152821649,4.1,48,"5/2, Rajnigandha, D B Gupta Road, Pahar Ganj, Delhi - 110055, Near Mc Donalds",
Myra Foils,919152279184,4.5,17,"16/22, Shakti Nagar, Delhi - 110007, Nagia Park",
Harnam Dass Manmohan Singh,919152173112,3.5,3,"Shop Number 5, Chowk Qutab Road, Sadar Bazar, Delhi - 110006, Near Sadar Bazar Railway Station",
Kansal Metal Pvt Ltd,919152162659,5.0,2,"2678, Sadar Thana Rd, Sadar Bazar, Delhi - 110006, Opp Madan LAL Halwai",
Super Trading Corporation,919152311235,4.2,36,"3581, Kucha Daya Ram, Kucha Daya Ram, Chawri Bazar, Delhi - 110006, Near Union Bank Of India",
Helping Hands,919152253532,4.2,47,"Shop Number 5438, Basti Harphool Singh, Sadar Thana Road, Sadar Bazar, Delhi - 110006, Near Sadar Bazar Police Station",
Shree Gautam Enterprises,919152923231,3.8,17,"C/O Shree Gautam Enterprises Plot 59/2/15, Sansar Compound, Sahibabad Industrial Area Site 4, Ghaziabad - 201010",
Woodland,919152764362,3.5,2,"A53 Subhadra Colony, Indralok, Delhi - 110035, Opposite Shastri Nagar Metro Pillor No. 170",
Rajat Udyog,919152837434,4.4,31,"15/5503, Basti Harphool Singh, Sadar Thana Road, Sadar Bazar, Delhi - 110006, Near Aggarwal Sweets",
Arora Metal,919152408158,4.1,33,"9034/1, Gali Number 1, Pahar Ganj, Delhi - 110055, Near Bikaner Sweets, Multani Dhanda",
Maheshwari Co,919152821649,4.1,48,"5/2, Rajnigandha, D B Gupta Road, Pahar Ganj, Delhi - 110055, Near Mc Donalds",
Myra Foils,919152279184,4.5,17,"16/22, Shakti Nagar, Delhi - 110007, Nagia Park",
Harnam Dass Manmohan Singh,919152173112,3.5,3,"Shop Number 5, Chowk Qutab Road, Sadar Bazar, Delhi - 110006, Near Sadar Bazar Railway Station",
Kansal Metal Pvt Ltd,919152162659,5.0,2,"2678, Sadar Thana Rd, Sadar Bazar, Delhi - 110006, Opp Madan LAL Halwai",
Super Trading Corporation,919152311235,4.2,36,"3581, Kucha Daya Ram, Kucha Daya Ram, Chawri Bazar, Delhi - 110006, Near Union Bank Of India",
Helping Hands,919152253532,4.2,47,"Shop Number 5438, Basti Harphool Singh, Sadar Thana Road, Sadar Bazar, Delhi - 110006, Near Sadar Bazar Police Station",
Shree Gautam Enterprises,919152923231,3.8,17,"C/O Shree Gautam Enterprises Plot 59/2/15, Sansar Compound, Sahibabad Industrial Area Site 4, Ghaziabad - 201010",
Woodland,919152764362,3.5,2,"A53 Subhadra Colony, Indralok, Delhi - 110035, Opposite Shastri Nagar Metro Pillor No. 170",
Rajat Udyog,919152837434,4.4,31,"15/5503, Basti Harphool Singh, Sadar Thana Road, Sadar Bazar, Delhi - 110006, Near Aggarwal Sweets",
Arora Metal,919152408158,4.1,33,"9034/1, Gali Number 1, Pahar Ganj, Delhi - 110055, Near Bikaner Sweets, Multani Dhanda",
Maheshwari Co,919152821649,4.1,48,"5/2, Rajnigandha, D B Gupta Road, Pahar Ganj, Delhi - 110055, Near Mc Donalds",
